<?xml version="1.0" encoding="UTF-8"?>
<addon id="repository vuzzy" version="1.0.0" name="Vuzzy Repository" provider-name="Vuzzy">
<extension point="xbmc.addon.metadata">
  <summary lang="en">Vuzzy Repository</summary>
  <summary lang="ru">Репозиторий Vuzzy</summary>
  <summary lang="uk">Репозиторій Vuzzy</summary>
  <description lang="en">Addon repository by Vuzzy</description>
  <description lang="ru">Репозиторий дополнений Vuzzy</description>
  <description lang="uk">Репозиторій надбудов Vuzzy</description>
  <platform>all</platform>
  <assets>
    <icon>icon.png</icon>
  </assets>
</extension>
<extension point="xbmc.addon.repository" name="vuzzy repository">
  <info compressed="false">https://nemiroff.github.io/kodi_repo/repo/addons.xml</info>
  <checksum>https://nemiroff.github.io/kodi_repo/repo/addons.xml.md5</checksum>
  <datadir zip="true">https://nemiroff.github.io/kodi_repo/repo</datadir>
</extension>
</addon>
