<?xml version="1.0" encoding="UTF-8" standalone="yes"?>
<addon id="plugin.video.kinotrend" name="KinoTrend" version="1.1.1" provider-name="Vuzzy">
    <requires>
        <import addon="xbmc.python" version="2.20.0" />
    </requires>
    <extension point="xbmc.python.pluginsource" library="default.py">
        <provides>video</provides>
    </extension>
    <extension point="xbmc.addon.metadata">
        <summary lang="ru">KinoTrend</summary>
        <license>GNU General Public License, v2</license>
        <description lang="ru">KinoTrend - аддон отображающий свежие релизы в лучшем качестве.</description>
        <disclaimer lang="ru">Моряки отправляются в далекое плавание...</disclaimer>
        <platform>all</platform>
        <website>https://kino-trend.000webhostapp.com/</website>
	<broken>Моряки приплыли</broken>
        <assets>
            <icon>icon.png</icon>
        </assets>
        <news>v1.1.1</news>
    </extension>
</addon>
